강의명,강의 금액,수강생 수
"파이썬입문과 크롤링기초 부트캠프 [파이썬, 웹, 데이터 이해 기본까지] (업데이트)","₩66,000","5,531명"
처음하는 SQL과 데이터베이스(MySQL) 부트캠프 [입문부터 활용까지] (업데이트),"₩66,000","3,029명"
[백문이불여일타] 데이터 분석을 위한 기초 SQL,"₩16,500","4,462명"
PM을 위한 데이터 리터러시(프로덕트 데이터 분석),"₩132,000","1,199명"
[개정판] 딥러닝 컴퓨터 비전 완벽 가이드,"₩121,000","3,287명"
[개정판] 파이썬 머신러닝 완벽 가이드,"₩99,000","6,878명"
"[퇴근후딴짓] 빅데이터 분석기사 실기 (작업형1,2,3)","₩99,000","1,080명"
달리(DALL-E): 초보자를 위한 이미지 생성 가이드 (입문편),"₩49,500",67명
처음하는 MongoDB(몽고DB) 와 NoSQL(빅데이터) 데이터베이스 부트캠프 [입문부터 활용까지] (업데이트),"₩66,000","2,476명"
데이터 전문가를 위한 실용적인 도커: 머신러닝을 위한 케글 수준의 분석 환경 구축,"₩77,000",8명
"설계독학맛비's 실전 AI HW 설계를 위한 바이블, CNN 연산 완전정복 (Verilog HDL + FPGA 를 이용한 가속기 실습)","₩297,000",358명
딥러닝 CNN 완벽 가이드 - Fundamental 편,"₩110,000","1,784명"
이것이 진짜 크롤링이다 - 실전편,"₩77,000",756명
ElasticSearch Essential,"₩33,000",644명
Airflow 마스터 클래스,"₩145,200",205명
빅데이터 파이프라인 마스터; 성공을 위한 도구와 기술,"₩99,000",193명
유니티 머신러닝 에이전트 완전정복 (기초편),"₩66,000",383명
[실전]텍스톰 TEXTOM SV 실전 강의: 빅데이터 논문 작성을 위한 텍스트 분석/텍스트마이닝,"₩49,500",72명
확률과 통계 101,"₩77,000",64명
비전공자/입문자를 위한 Data Science(DS)와 AI 학습 & 취업 가이드,"₩29,700",339명
챗GPT와 파이썬으로 유튜브 AI 직원 만들기,"₩88,000",37명
진짜 현업에서 쓰이는 직장인의 실무 엑셀 - 데이터 가공부터 분석까지,"₩84,700","1,286명"
그로스해킹 - 데이터와 실험을 통해 성장하는 서비스를 만드는 방법,"₩55,000","2,772명"
루커 스튜디오(구글 데이터 스튜디오)로 배우는 데이터 시각화 입문,"₩59,400",222명
태블로를 향한 첫 걸음,"₩55,000",187명
AWS DeepRacer로 배우는 인공지능과 자율주행,"₩69,300",119명
업무자동화를 위한 chatGPT와 구글스프레드시트 활용 입문,"₩33,000",17명
실무자를 위한 구글애널리틱스(GA4) 활용법,"₩84,700",182명
평생 써먹는 데이터 기반 투자법 with 파이썬 퀀트 투자,"₩66,000",234명
장래쌤과 함께하는 쉽고 재미있는 SQL 이야기,"₩49,500",121명
꼭 필요한 엑셀 5시간으로 끝내기와 3시간으로 ITQ엑셀 자격증취득,"₩19,800",173명
ChatGPT 영어 상황극 채팅 서비스 만들기 (Feat. 파이썬/장고채널스),"₩66,000",143명
Amplitude(앰플리튜드)로 마케팅 데이터 분석 하는 방법,"₩77,000",140명
유니티 머신러닝 에이전트 완전정복 (응용편),"₩66,000",26명
SQLD 실전문제 풀이(2과목),"₩121,000",13명
"내 업무를 대신 할 파이썬(Python) 웹크롤링 & 자동화 (feat. 주식, 부동산 데이터 / 인스타그램)","₩60,500","1,060명"
내 가치를 높이는 노션 이력서 만들기,"₩49,500",216명
남박사의 파이썬 기초부터 실전 100% 활용,"₩66,000","2,004명"
AI로 돈 버는 법 - 사례로 알아보는 AI Transformation,"₩33,000",403명
임장환의 칼만 필터(Kalman Filter) 1,"₩220,000",16명
SQL 강의가 알려주지 않는 데이터 분석을 위한 문제 정의,"₩16,500",65명
엑셀로 배우는 기초통계,"₩148,500",57명
파이썬(Python)으로 데이터 기반 주식 퀀트 투자하기 Part1,"₩99,000","1,563명"
R로 하는 웹 크롤링 - 입문편,"₩33,000",290명
AB 테스트 실무자 완벽 가이드,"₩49,500",130명
스트림릿(Streamlit)을 활용한 파이썬 웹앱 제작하기,"₩11,000",104명
SQL 코딩테스트를 위한 첫 걸음,"₩33,000",39명
지금 바로 D3.js 시작하기 : 웹 데이터 시각화,"₩33,000",682명
SQLD 실전문제 풀이(1과목),"₩88,000",28명
딥러닝 웹서비스 프로젝트 1 - 기본편. Object Detect 불량품 판별,"₩55,000",117명
파이썬(Python)으로 데이터 기반 주식 퀀트 투자하기 Part2,"₩99,000",937명
ChatGPT 실무에 100% 활용하기,"₩49,500",101명
실무자가 알려주는 데이터 분석가 취업 준비 완벽 가이드 [월간 데이터리안 세미나 다시보기 | 2023년 9월],"₩33,000",23명
데이터 분석가 어떻게 준비해야 할까? [월간 데이터리안 세미나 다시보기 | 2023년 2월],"₩33,000",147명
"실무자도 모르는 Mongo 활용법 : Search, Query, Collation","₩29,700",42명
[데이터 인문학] 데이터로 사고하라,"₩110,000",4명
딥러닝 이론 + PyTorch 실무 완전 정복,"₩284,900",11명
모두의 한국어 텍스트 분석과 자연어처리 with 파이썬,"₩77,000",196명
요즘 핫한 사이드 프로젝트가 데이터 보는 방법 [월간 데이터리안 세미나 다시보기 | 2023년 8월],"₩33,000",14명
실리콘밸리 엔지니어와 함께하는 OpenAI API (ChatGPT),"₩33,000",315명
[R을 R려줘] R 데이터 시각화,"₩29,700",304명
구글태그매니저로 데이터 설계&수집하기,"₩75,900",19명
퀀트 투자를 위한 파이썬 트레이딩룸 만들기 - Part 2,"₩99,000",182명
금융데이터 분석을 위한 판다스 활용법,"₩55,000",182명
CUDA 프로그래밍 (1) - C/C++/GPU 병렬 컴퓨팅 - CUDA 커널 kernel,"₩49,500",130명
파이썬 증권 데이터 수집과 분석으로 신호와 소음 찾기,"₩89,100","1,222명"
단 두 장의 문서로 데이터 분석과 시각화 뽀개기,"₩45,100","2,462명"
초보자를 위한 ChatGPT API 활용법 - API 기본 문법부터 12가지 프로그램 제작 배포까지,"₩59,400",189명
실전! SQL 입문,"₩44,000",27명
카프카 완벽 가이드 - 커넥트(Connect) 편,"₩99,000",390명
"5분빨리 퇴근하자! 파이썬 데이터 분석, 시각화, 웹 대시보드 제작하기","₩44,000",10명
삼각형의 실전! OpenAI Triton 초급,"₩149,600",15명
마케팅 성과 분석의 모든 것 (feat. GA4) [월간 데이터리안 세미나 다시보기 | 2023년 11월],"₩33,000",11명
데이터 분석가 채용의 모든 것: 이력서부터 면접까지 [월간 데이터리안 세미나 다시보기 | 2022년 8월],"₩11,000",71명
면접으로 직행하는 데이터 분석가 이력서 [월간 데이터리안 세미나 다시보기 | 2022년 2월],"₩11,000",159명
실리콘밸리 엔지니어와 함께하는 데이터 사이언스 기초편,"₩11,000",47명
실리콘밸리 엔지니어와 함께하는 Apache Airflow,"₩36,300",148명
ADsP 2주 합격 올인원 패스,"₩119,900",137명
최신 빅데이터 및 인공지능 트렌드 이해,"₩44,000",17명
데이터분석에 ChatGPT 강림,"₩33,000",42명
모두를 위한 ChatGPT Part 2 - ChatGPT를 이용한 데이터분석과 판다스 활용,"₩44,000",86명
파이썬과 인공지능을 활용한 금융 자료 분석 기초,"₩77,000",78명
딥러닝을 활용한 자연어 처리 (NLP) 과정 (기초부터 ChatGPT까지),"₩88,000",307명
파이썬을 활용한 머신러닝 딥러닝 입문,"₩88,000",257명
제주 하간디 이신 데이터들 Python으로 몬딱 분석해불게,"₩55,000",615명
공공데이터로 파이썬 데이터 분석 시작하기,"₩66,000","5,818명"
빅분기 실기 1Day Class(R),"₩33,000",149명
최반장의 엑셀 피벗테이블 마스터 클래스,"₩55,000",544명
"처음하는 파이썬 데이터 분석 (쉽게! 전처리, pandas, 시각화까지 전과정 기본 익히기) [데이터과학 Part1]","₩77,000","3,140명"
카프카 완벽 가이드 - ksqlDB,"₩99,000",165명
다양한 사례로 익히는 SQL 데이터 분석,"₩88,000","1,078명"
스파크 머신러닝 완벽 가이드 - Part 1,"₩99,000",759명
Python을 이용한 개인화 추천시스템 | 추천알고리즘 | 추천인공지능,"₩44,000",836명
캐글 Advanced 머신러닝 실전 박치기,"₩66,000","1,302명"
SQL 코딩테스트를 위한 마지막 걸음,"₩22,000",24명
파이썬을 활용한 QGIS 자동화 (벡터형 자료 편),"₩55,000",182명
GA4 마스터하기,"₩75,900",4명
내일 당장 써먹을 수 있는 GA4 활용법 [월간 데이터리안 세미나 다시보기 | 2023년 6월],"₩33,000",25명
비즈니스 성장을 견인하는 데이터 기반 콘텐츠 마케팅 [월간 데이터리안 세미나 다시보기 | 2023년 5월],"₩33,000",114명
실전! 스타트업 데이터 기반 의사 결정 [월간 데이터리안 세미나 다시보기 | 2023년 4월],"₩33,000",152명
직장인 데이터 리터러시: 내 업무에 데이터 활용하기 [월간 데이터리안 세미나 다시보기 | 2023년 3월],"₩33,000",145명
데이터 분석가가 되면 어떤 일을 하나요? [월간 데이터리안 세미나 다시보기 | 2023년 1월],"₩33,000",105명
"파이썬 셀레니움 고급편 (python selenium - 크롤링, 크롤러)","₩297,000",67명
데이터 분석가 커리어: 사이드 프로젝트부터 퍼블릭 스피킹까지 [월간 데이터리안 세미나 다시보기 | 2022년 12월],"₩11,000",36명
수학 없이 시작하는 인공지능 첫걸음: 기초부터 최신 트렌드까지,"₩77,000",296명
스스로 성장하는 분석가 커리어 만들기 [월간 데이터리안 세미나 다시보기 | 2022년 6월],"₩11,000",47명
데이터 분석을 위한 파이썬: 입문부터 꿀팁까지,"₩38,500",439명
[비전공자 대환영] 제로베이스도 쉽게 입문하는 파이썬 데이터 분석 - 캐글입문기,"₩33,000",160명
[개념부터 실습까지] 추천 시스템 입문편,"₩49,500",566명
[파이썬] 수학없이 머신러닝 쉽게 이해하고 구현하기,"₩66,000",18명
최신 딥러닝 기술 Vision Transformer 개념부터 Pytorch 구현까지,"₩85,800",744명
[파이토치] 실전 인공지능으로 이어지는 딥러닝 - 기초부터 논문 구현까지,"₩73,700","1,131명"
실리콘밸리 엔지니어와 함께하는 랭체인(LangChain),"₩38,500",72명
Orange3를 활용한 인공지능 기반 데이터분석 입문,"₩59,400",5명
Chat GPT 프롬프트 엔지니어링 마스터 가이드 : 내 연봉의 숫자가 달라지는 마법 도구,"₩79,200",84명
코알못도 이해하는 R프로그래밍,"₩33,000",22명
비전공자/고등학생을 위한 인공지능 기초와 커리어 조언,"₩44,000",10명
CUDA 프로그래밍 (4) - C/C++/GPU 병렬 컴퓨팅 - 행렬 matrix 곱하기,"₩49,500",75명
CUDA 프로그래밍 (2) - C/C++/GPU 병렬 컴퓨팅 - 벡터 vector 더하기,"₩49,500",94명
텍스트마이닝 실전 프로젝트 - 우리집 주변 맛집 랭킹 매기기,"₩33,000",108명
(퀀트 입문) 주가 데이터 분석의 첫걸음 : 쌩초보를 위한 시작 강의,"₩38,500",6명
머신러닝/딥러닝 소개 및 학습을 위한 파이썬 속성 과정,"₩11,000",238명
예제로 배우는 딥러닝 자연어 처리 입문 NLP with TensorFlow - RNN부터 BERT까지,"₩88,000",515명
YOLO 구현으로 배우는 딥러닝 논문 구현 with TensorFlow 2.0,"₩99,000",433명
Node.js로 웹 크롤링하기,"₩55,000",824명
[R을 R려줘] R 기초다지기,"₩22,000",611명
카프카 완벽 가이드 - 코어편,"₩99,000","1,012명"
데이터 분석 SQL Fundamentals,"₩55,000","1,793명"
Python을 이용한 딥러닝 활용,"₩132,000",3명
비전공자를 위한 수학 통계 기초(이론),"₩33,000",7명
하트카운트와 함께 쉽게 시작하는 파이썬 & 데이터 전처리,"₩99,000",4명
R을 활용한 데이터 통계 분석,"₩44,000",10명
파이썬으로 만드는 나만의 웹 페이지 Part1,"₩48,400",39명
"필요할 때 찾아 쓰는 SQL 쿼리북, Part I","₩23,100",22명
데이터 실험 문화의 핵심: A/B 테스트 [월간 데이터리안 세미나 다시보기 | 2022년 11월],"₩11,000",56명
데이터가 액션으로 빠르게 이어지는 환경 만들기 [월간 데이터리안 세미나 다시보기 | 2022년 10월],"₩11,000",37명
"데이터 기반 의사 결정, 이렇게 합니다 [월간 데이터리안 세미나 다시보기 | 2022년 7월]","₩11,000",52명
"미국 데이터분석 필수 솔루션, 알터릭스 자격증 따기","₩55,000",45명
"설득의 시작, 데이터 제대로 보여주는 법 [월간 데이터리안 세미나 다시보기 | 2022년 5월]","₩11,000",47명
데이터 분석가는 어떤 일을 하나요? [월간 데이터리안 세미나 다시보기 | 2022년 3월],"₩11,000",74명
"비전공자 4명, 어떻게 데이터 분석가 됐을까? [월간 데이터리안 세미나 다시보기 | 2022년 1월]","₩11,000",87명
퀀트 투자를 위한 파이썬 트레이딩룸 만들기 - Part 1,"₩77,000",194명
데이터 분석을 위한 판다스: 기초부터 데이터 분석까지,"₩77,000",282명
[백문이불여일타] 데이터 분석을 위한 중급 SQL 문제풀이,"₩16,500","1,274명"
최신 딥러닝 기술과 객체인식,"₩110,000",122명
머신러닝/딥러닝으로 이어지는 선형대수,"₩55,000",504명
Google 공인! 텐서플로(TensorFlow) 개발자 자격증 취득,"₩148,500","1,020명"
실전 인공지능으로 이어지는 딥러닝 개념 잡기,"₩71,500","1,001명"
Power BI 데이터 분석과 시각화,"₩129,800",60명
CUDA 프로그래밍 (5) - C/C++/GPU 병렬 컴퓨팅 - 아토믹 연산 atomic op,"₩49,500",75명
데이터 기반 디지털트랜스포메이션 - DT 전략 마스터 클래스,"₩108,900",24명
실전 프로젝트로 배우는 데이터 앱 만들기 with Python & Streamlit,"₩55,000",80명
모두를 위한 대규모 언어 모델 LLM(Large Language Model) Part 2 - 랭체인(LangChain)으로 나만의 ChatGPT 만들기,"₩66,000",92명
모두를 위한 대규모 언어 모델 LLM(Large Language Model) Part 1 - Llama 2 Fine-Tuning 해보기,"₩88,000",230명
JavaScript와 Tensorflow.js로 배우는 머신러닝,"₩88,000",24명
강화학습 입문에서 Deep Q-learning까지,"₩88,000",93명
[Pytorch] 파이토치를 활용한 딥러닝 모델 구축,"₩88,000",67명
U-Net 구현으로 배우는 딥러닝 논문 구현 with TensorFlow 2.0 - 딥러닝 의료영상 분석,"₩99,000",88명
닮은 연예인 찾기 서비스 제작 With 티처블머신,"₩11,000",296명
현업 실무자에게 배우는 Kaggle 머신러닝 입문 - ML 엔지니어 실무 꿀팁,"₩59,400",232명
Python 엑셀 프로그래밍 - with xlsxwriter,"₩55,000",417명
빅데이터 클러스터 구축 패키지; 성공을 향한 로드맵,"₩99,000",41명
인공지능은 어떻게 학습할까? - 재미로 배우는 AI 원리,"₩20,900",120명
처음하는 딥러닝과 파이토치(Pytorch) 부트캠프 [데이터과학 Part3],"₩77,000",890명
처음하는 파이썬 머신러닝 부트캠프 (쉽게! 실제 문제로 개념/활용 익히기) [데이터과학 Part2],"₩77,000","1,095명"
태블로 집합의 모든 것,"₩16,500",103명
"Data, Ready? Action!: 태블로 데스크탑 + 서버/온라인 연계 활용 Use Case","₩33,000",107명
태블로 대시보드 기초,"₩16,500",477명
초간단 예제로 배우는 딥러닝 입문,"₩16,500",13명
데이터분석 준전문가(ADsP) 예상&기출복원 문제 풀이,"₩33,000",12명
데이터분석 준전문가(ADsP) 자격증 대비,"₩132,000",550명
업무가 100배 빨라지는 엑셀 데이터 활용과 분석 노하우,"₩44,000","1,658명"
QGIS 시각화 A to Z (벡터/기초편),"₩49,500",56명
데이터 분석가 무엇이든 물어보세요 [월간 데이터리안 세미나 다시보기 | 2023년 7월],"₩33,000",9명
12시간 안에 끝내는 파이썬을 활용한 크롤링,"₩44,000",115명
[핵집] 2024 빅데이터 분석기사(필기)_과목 1~2,"₩94,600",284명
비전공자를 위한 데이터 사이언스 커리어 로드맵 완성하기,"₩44,000",223명
[백문이불여일타] 데이터 분석을 위한 고급 SQL 문제풀이,"₩19,800",804명
[백문이불여일타] 데이터 분석을 위한 고급 SQL,"₩55,000","2,727명"
[백문이불여일타] 데이터 분석을 위한 중급 SQL,"₩38,500","4,183명"
딥러닝과 데이터분석을 위한 기초수학 (w.파이썬),"₩110,000",11명
"설득의 핵심 Key, 시각적 데이터 스토리텔링","₩110,000",4명
두근두근 인공지능 - 실습편 -,"₩132,000",4명
파이썬 입문 및 웹 크롤링을 활용한 다양한 자동화 어플리케이션 제작하기,"₩55,000","2,178명"
chatGPT와 함께 하는 실전 데이터 과학,"₩55,000",51명
실리콘밸리 엔지니어에게 배우는 파이썬 아파치 스파크,"₩70,400",234명
구글 애널리틱스 GA4 데이터 분석 입문,"₩69,300",70명
CUDA 프로그래밍 (6) - C/C++/GPU 병렬 컴퓨팅 - 서치 & 소트,"₩49,500",69명
CUDA 프로그래밍 (3) - C/C++/GPU 병렬 컴퓨팅 - 메모리 구조,"₩49,500",83명
데이터 리터러시 Overview,"₩19,800",14명
데이터 기반 전략 수립 실무 마스터 클래스,"₩79,200",10명
데이터 기반 마케팅 영업 전략 실무 마스터 클래스,"₩79,200",15명
직접 활용할 수 있는 SQL - 기초부터 실무 활용까지,"₩48,400",200명
[저자직강]실무 예제로 끝내는 R 데이터 분석,"₩33,000",26명
머신러닝 기초부터 탄탄히 정복하기,"₩85,800",189명
파이썬 머신러닝,"₩69,300",37명
데이터 리터러시 - 데이터 읽고 쓰기의 기술,"₩79,200",231명
[PyTorch] 쉽고 빠르게 배우는 NLP,"₩55,000",197명
R로 하는 텍스트마이닝 (Top keyword부터 감성분석까지),"₩44,000",286명
최신 논문과 유튜브 동영상으로 만드는 2D Pose estimation 실전 프로젝트 따라하기,"₩121,000",31명
인공지능을 활용한 이상거래 검출 기법,"₩77,000",66명
차량 번호판 인식 프로젝트와 TensorFlow로 배우는 딥러닝 영상인식 올인원,"₩141,900",531명
TensorFlow Object Detection API 가이드 Part1 - 코드 10줄 수정으로 물체검출하기,"₩33,000",246명
TensorFlow 2.0으로 배우는 딥러닝 입문,"₩33,000",699명
[SQL Quest] 실전 문제 풀이로 SQL 역량 강화 하기 (Basic),"₩33,000",18명
공식으로 배우는 챗GPT 프롬프트 만들기 사용법 강의,"₩58,300",10명
"태블로 지도 시각화, 기초부터 고급까지","₩297,000",24명
태블로를 활용한 시간 데이터 시각화,"₩16,500",135명
태블로를 활용한 고객 획득 및 유지 패턴 분석,"₩16,500",195명
"따라하면서 배우는 골프 자세 검출, Human Pose를 이용한 Event Detection","₩64,900",15명
떠먹는 머신러닝/딥러닝,"₩16,500",521명
배워서 바로 쓰는 Pandas,"₩41,800",113명
"[아파치 카프카 애플리케이션 프로그래밍] 개념부터 컨슈머, 프로듀서, 커넥트, 스트림즈까지!","₩165,000","1,532명"
실무에서 바로 써먹는 데이터 분석 스킬 [월간 데이터리안 세미나 다시보기 | 2022년 4월],"₩11,000",68명
공공데이터 CSV 파일을 이용해 테이블 만들기,"₩39,600",26명
15일간의 빅데이터 파일럿 프로젝트,"₩132,000",988명
따라하며 익히는 크롤링 마스터 with데이터공방,"₩44,000",125명
배워서 바로 쓰는 SQL 쿼리,"₩59,400","1,087명"
자바 머신러닝 weka(웨카) 중급,"₩33,000",50명
"빅데이터가 별건가, 알고 보면 쉬운 통계상식","₩110,000",1명
지금 당장 AI 특이점 경험하기 [Text To Image],"₩11,000",41명
비전공자를 위한 가장 쉬운 데이터분석 입문,"₩22,000",134명
파이썬을 활용한 데이터분석과 IT보안,"₩132,000",268명
ChatGPT 고급 활용법 – 남들보다 100배 더 잘 쓰는 ChatGPT 비법 클래스,"₩119,900",336명
기초부터 실무까지 Tableau 시각화,"₩55,000",45명
데이터에 엔진을 달다! 엑셀 데이터 분석,"₩262,900",6명
데이터 사이언스로 내리는 경영 의사결정 마스터 클래스,"₩159,500",65명
R로 쉽게 배우는 강화학습,"₩55,000",88명
R로 무작정 해보는 data science,"₩71,500",73명
R로 하는 네트워크 분석,"₩33,000",150명
TEXTOM SV로 해보는 빅데이터 분석 (정제부터 시각화까지),"₩110,000",29명
SQL과 구글시트로 시작하는 데이터분석,"₩19,800",68명
구현하며 이해하는 이미지 생성모델 - CNN 기초부터 Diffusion까지,"₩22,000",39명
Gephi를 활용한 데이터 시각화,"₩31,900",34명
GPT 논문 구현으로 배우는 딥러닝 논문 구현 with TensorFlow 2.0 Part 1,"₩110,000",41명
김일한의 파이썬 기반 판다스(Pandas)를 활용한 데이터 분석,"₩66,000",48명
[2024 새해 특집] 10배 빨라지는 엑셀 초보 실무 스킬!,"₩19,800",18명
SQL 왕초보를 위한 해커랭크로 배우는 실전 SQL,"₩33,000",31명
통계데이터 활용과 엑셀 시각화 실전 연습,"₩11,000",8명
실무에 바로 쓰자! 이커머스 데이터로 배우는 실전 SQL 분석,"₩49,500",108명
[EduAtoZ] 빅데이터분석기사 실기 (with Python),"₩99,000",76명
진짜 왕초보를 위한 딥러닝,"₩22,000",7명
따라하면서 배우는 3D Human Pose Estimation과 실전 프로젝트,"₩121,000",64명
청와대 청원 데이터 시각화,"₩11,000",217명
실시간 트렌드 홈페이지 개발(파이썬 크롤링 + Flask),"₩13,200",278명
비전공자를 위한 수학 통계 기초(실습),"₩33,000",5명
[비전공자 대환영] 캐글 데이터를 활용한 Optuna with MLFlow - 캐글다지기,"₩44,000",35명
NEW 2022 12시간 안에 끝내는 R 활용 데이터분석 / 시각화,"₩39,600",78명
"핵심만 쉽게, 모두의 SQL 데이터 분석","₩99,000",444명
머신러닝 엔지니어 실무,"₩88,000",772명
실무자를 위한 데이터 시각화,"₩22,000",25명
비전공자를 위한 데이터 분석가 취업 가이드,"₩33,000",165명
[소프데이터] 예제로 배우는 기초 SQL,"₩14,300",104명
데이터는 답을 알고 있다! 데이터 기반 의사결정 DDDM,"₩110,000",3명
"AI에게 좋은 답을 얻으려면, AI처럼 생각하라! 컴퓨팅 사고력","₩110,000",5명
"Chat GPT, DALL-E로 배우는 생성형 AI의 핵심원리","₩132,000",22명
"기초탄탄, SQL 톺아보기 (입문과정)","₩121,000",10명
두근두근 인공지능 - 개념편 -,"₩132,000",9명
[테디노트] 한 방으로 끝내는 판다스Pandas (전자책 포함),"₩49,500",74명
"ChatGPT 활용법, 생성 AI 프롬프트 엔지니어링 A to Z - 인공지능의 이해와 활용","₩49,500",340명
핵심만 쉽게 터득하는 SQL,"₩33,000",22명
직장인을 위한 데이터 운동장: 데이터 기초체력 UP하기!,"₩141,900",5명
"[DATA, ON] 데이터 분석 첫걸음","₩306,900",3명
구글 데이터 스튜디오 데이터 시각화 입문,"₩66,000",32명
R로 배우는 데이터 분석 첫 걸음 - 기초 문법부터 데이터마이닝 실습까지,"₩99,000",50명
엑셀 업무 자동화 - 파워쿼리,"₩129,800",70명
데이터 사이언스 입문 부트캠프,"₩129,800",45명
초보자를 위한 R프로그래밍 핵심 교재,"₩17,600",62명
[R로 하는] 머신러닝을 위한 통계학 기초,"₩49,500",129명
[PyTorch] 쉽고 빠르게 배우는 GAN,"₩49,500",238명
텍스트마이닝 실전 프로젝트 - 뉴스 데이터 분석하기,"₩33,000",145명
DataScience와 AI의 개념 (공부하는 방법),"₩33,000","2,072명"
장박사의 빅데이터와 인공지능 입문,"₩22,000",15명
구현하며 이해하는 이미지 생성모델 - 활용,"₩16,500",14명
[에피소드] 엑셀+파이썬(기초),"₩11,000",19명
CEO 및 리더를 위한 제조 혁신과 AI 빅데이터,"₩99,000",5명
공공 데이터 (오픈 데이터) API 제대로 배우기 Part.2,"₩41,800","41,541명"
"데이터 분석가, IT 엔지니어에게 필요한 MySQL 초단기 코스!","₩19,800",21명
엑셀 매크로와 VBA 기초부터 실무활용까지 완전 정복,"₩55,000",744명
"핵심만 쉽게, 모두의 SQL 비법 레시피","₩48,400",120명
"[개념은 호옹~, 실습 빡] SQL 데이터 분석, 입문!","₩14,300",469명
내 집 마련 파이썬,"₩99,000",27명
한 방에 끝! 빅데이터분석기사 실기 작업형,"₩55,000",87명
[핵집] 2024 빅데이터 분석기사(필기)_과목 3~4,"₩94,600",191명
TIBCO Spotfire 사용자교육 고급편 1: 데이터 시각화,"₩60,500",303명
빅데이터 하둡 (Hadoop 3.2.1) 직접 설치하기,"₩55,000",480명
공공데이터 수집하여 대파 가격 분석과 시각화 하기,"₩16,500",48명
텐서플로우 2.0으로 배우는 딥러닝 기초,"₩55,000",72명
쏙쏙 이해되는 강화학습 핵심이론,"₩55,000",70명
실전 데이터 사이언스 Part2. 데이터 전처리,"₩55,000",219명
TIBCO Spotfire - 사용자 교육 기초편,"₩49,500",778명
파이썬 텍스트 분석 입문 - 데이터 수집부터 분석까지,"₩44,000",295명
RPA와 Process Mining 입문과 연계,"₩55,000",160명
쉽고 빠르게 익히는 Excel 파워 쿼리,"₩55,000",236명
"Chat GPT, 내 동료가 되어라!","₩88,000",16명
딥러닝을 위한 기초 수학,"₩59,400",22명
오늘 배워서 내일 실무에 적용하는 Tableau 데이터 시각화,"₩141,900",9명
비기너를 위한 하루 30분 SQL,"₩262,900",7명
엑셀을 활용한 데이터 시각화 실무,"₩79,200",16명
"비즈니스 애널리틱스, 데이터 기반 실적 개선 프로젝트 실무 마스터 클래스","₩129,800",16명
파이썬 실무,"₩69,300",58명
[R] KOSPI/KOSDAQ 전 종목 데이터 수집 및 관리,"₩55,000",86명
R프로그래밍 중급,"₩27,500",92명
R로 하는 웹 크롤링 - 실전편,"₩44,000",200명
TensorFlow로 배우는 심층 강화학습 입문 - Deep Reinforcement Learning,"₩88,000",49명
프로들만의 차별화된 엑셀 데이터 분석과 차트 시각화,"₩44,000",548명
오피스 마녀의 Power BI - 데이터 분석 시각화,"₩27,500",34명
[핵집] 2023 빅데이터 분석기사(실기)_작업형 1·2·3유형,"₩99,000",94명
"[개념은 호옹~, 실습 빡] SQL 데이터 분석, 활용!","₩35,200",499명
프로그래머를 위한 강화학습(저자 직강),"₩66,000",299명
스마트요원에게 배우는 구글 스프레드시트,"₩55,000",141명
실전 데이터 사이언스 Part1. 파이썬 입문,"₩66,000",306명
쉽고 빠르게 익히는 Excel 파워 피벗 & 데이터 모델링,"₩55,000",131명
"SQL Server 컨설턴트가 알려주는, 쿼리 능력 레벨업(고급 T-SQL 쿼리)","₩165,000",218명
[연세IT미래교육원] 데이터 분석을 위한 올인원 취업캠프,새강의,0
딥러닝 실무 프로젝트,"₩99,000",20명
딥러닝 입문,"₩59,400",12명
"비즈니스 애널리틱스, 전략적 의사결정 실무 마스터 클래스","₩99,000",10명
"비즈니스 애널리틱스, 비즈니스 현황분석 실무 마스터 클래스","₩129,800",18명
"디지털 리터러시, 디지털 기술을 이해하고 실무에 적용하는 기술","₩99,000",12명
데이터 분석 전처리 실무 - 파워쿼리,"₩129,800",38명
데이터 사이언스 실무 고급 분석,"₩69,300",30명
[PyTorch] 쉽고 빠르게 배우는 딥러닝,"₩82,500",262명
[텍스트마이닝 논문] 뉴스 기사 수집 후 LDA 토픽 분석(2시간 완성),"₩27,500",36명
김일한의 인공지능을 위한 텐서플로2 + 케라스 라이브러리 실전 적용,"₩66,000",30명
공공 데이터 (오픈 데이터) API 제대로 배우기 Part.1,"₩52,800","62,059명"
나도 만들어본다 AI 앱 (tensorflow2.0 + android),"₩11,000",69명
초간단 초스피드 데이터 수집 (파이썬 크롤링),"₩11,000",135명
인공지능 기초수학,"₩88,000",355명
쉽고 빠르게 익히는 Visio 2016,"₩77,000",15명
파이썬 판다스(pandas)로 데이터 분석 및 가공하기,"₩11,000",85명
[멋쟁이사자처럼] TECHIT 데이터 분석 스쿨,새강의,0
"DNN, CNN, RNN을 활용한 딥러닝 실무","₩79,200",20명
빅데이터 분석 솔루션 TEXTOM으로 쉽고 빠르게 배우는 텍스트마이닝,"₩99,000",257명
AI 포트폴리오 만들기 - Airbnb 클론 프로젝트,"₩99,000",133명
OpenCV + WebApp (얼굴 눈 검출 웹앱만들기),"₩55,000",149명
머신러닝 처음 시작하기 (기초 원리 + 초급 실습),"₩30,800","85,423명"
"[All that MBA] 데이터 사이언스, 어떻게 인사이트를 얻을 것인가?","₩99,000",20명
TIBCO Spotfire 사용자교육 고급편 3: 함수 & 속성 제어,"₩82,500",230명
로그프레소 엔터프라이즈 - 실시간 처리 및 외부 연동,"₩33,000",171명
로그프레소 엔터프라이즈 - 데이터 수집과 파싱,"₩33,000",204명
쉽고 빠르게 익히는 Power BI 심화 1 (시각화와 파워 쿼리),"₩55,000",212명
실전 데이터 사이언스 Part 3. 머신러닝의 이해,"₩66,000",145명
쉽고 빠르게 익히는 Excel 파워 피벗 & DAX,"₩55,000",119명
파이썬 데이터시각화 분석 실전 프로젝트,"₩33,000",463명
C# OpenCV 컴퓨터비전 입문 강좌,"₩33,000",328명
실무중심의 HTML5 시각화 프로그래밍,"₩33,000",34명
"공공데이터, 엑셀과 파워포인트로 편하고 멋있게 시각화하기","₩55,000",34명
누구나 쉽게 배우는 통계(SPSS보다 쉽게 R),"₩88,000",101명
80여개 예제로 알아보는 쉽고 재미있는 [데이터 시각화],"₩55,000",147명
SQL 개발자 (SQLD) 자격증 따기 Part.3,"₩27,500","22,585명"
SQL 개발자 (SQLD) 자격증 따기 Part.2,"₩55,000","22,844명"
SQL 개발자 (SQLD) 자격증 따기 Part.1,"₩33,000","27,595명"
자바스크립트 머신러닝 TensorFlow.js,"₩132,000",268명
[ITⓔ코칭] Oracle로 배우는 실전 데이터관리,"₩110,000",40명
쉽고 빠르게 익히는 Power BI 심화 2 (데이터 모델링),"₩55,000",119명
빅데이터분석기사 실기대비 (R 활용),"₩60,500",212명
TIBCO Spotfire 사용자교육 고급편 2: 데이터 변환 & 캔버스,"₩60,500",228명
Excel 2013 피벗테이블을 이용한 데이터 집계와 분석,"₩44,000",8명
가볍게 따라하는 Excel 2013 데이터 조정 및 가공,"₩44,000",3명
가볍게 따라하는 Excel 2016 데이터 조정 및 가공,"₩44,000",22명
파이썬 웹서비스API 실전 프로젝트 - 돈 버는 디지털마케팅,"₩38,500",117명
쉽고 빠르게 익히는 Power BI (기본편),"₩99,000",422명
마케터를 위한 SQL,"₩33,000",42명
[OpenCV] 파이썬 딥러닝 영상처리 프로젝트 2 - 불량사과를 찾아라!,"₩77,000",396명
[라즈베리파이] IoT 딥러닝 Computer Vision 실전 프로젝트,"₩99,000",462명
[텐서플로2] 파이썬 머신러닝 완전정복 - 마라톤 기록예측 프로젝트,"₩33,000",348명
SQL 개발자 (SQLD) 자격증 따기 Part.4,"₩27,500","22,409명"
TIBCO Spotfire 사용자교육 고급편 4: 통계 및 그 외의 기능,"₩82,500",274명
로그프레소 엔터프라이즈 - 대시보드,"₩33,000",177명
로그프레소 시작하기,"₩33,000",242명
Excel 2016 피벗테이블을 이용한 데이터 집계와 분석,"₩44,000",164명
(Python) 누구나 캐글에 입문할 수 있다 (feat. 지방대/비전공/인문학도),"₩36,300",62명
[모바일] 딥러닝 Computer Vision 실전 프로젝트,"₩99,000",119명
[OpenCV] 파이썬 딥러닝 영상처리 프로젝트 - 손흥민을 찾아라!,"₩55,000",747명
"케라스, 인공지능의 공용어 완전정복","₩33,000",195명
파이썬 크롤링(Python Crawling)으로 웹 데이터 추출 입문부터 실습까지,"₩22,000",97명
OpenCV 를 활용한 명함인식 기능 구현 강좌,"₩29,700",643명
로그프레소 엔터프라이즈 - 배치 처리,"₩33,000",181명
쉽고 빠르게 익히는 Visio 2013,"₩55,000",6명
"[텐서플로2] 파이썬 딥러닝 완전정복 - GAN, BERT, RNN, CNN 최신기법","₩33,000",355명
GPU 프로그래밍 언어 CUDA(쿠다) 기초,"₩33,000",165명
만들면서 배우는 인공지능(강화학습 편),"₩55,000",90명
반드시 알아야 할 Tensorflow 수학,"₩27,500",46명
