,word,count
135,데이터,214
272,파이썬,168
161,분석,107
288,활용,101
120,기초,98
88,sql,93
229,입문,85
103,개발,84
195,실무,78
276,프로그래밍,71
206,엑셀,70
198,실전,69
30,c,66
221,웹,63
278,프로젝트,59
191,시작,46
146,만들기,43
104,개발자,43
188,시각화,42
131,다시보,36
78,r,34
196,실습,33
204,앱,33
26,aws,25
275,패키지,24
251,초격차,22
71,online,21
31,chatgpt,18
55,io,18
24,api,17
66,mmorpg,15
47,flutter,15
56,javascript,14
79,react,14
44,feat,13
157,번,13
70,node,12
97,vue,12
87,spring,12
139,딥러닝,11
114,구현,6
81,red,5
91,the,5
98,with,5
248,처리,5
282,한,4
156,백엔드,4
263,컴퓨터비전,3
179,세계,3
222,유치원,3
14,3등,3
134,대용량,3
113,구축,3
106,것,3
267,클라우드,3
129,논문,3
121,김기현,3
182,수강,2
231,자격증,2
86,sparkhadoop,2
173,사이언스,2
177,성능,2
178,성장,2
89,sqld,2
138,디지털,2
227,이해,2
226,이커머스,2
169,빅데이터분석기사,2
181,수,2
148,머신러닝,2
149,모델,2
99,가이드,2
208,엔지니어링,2
143,마케팅,2
213,올인원,2
190,시나리오,2
118,기반,2
214,완벽,2
107,격파르타,2
111,과정,2
215,완성,2
153,밀착,2
85,spark,2
290,훈쌤,2
176,설계,2
257,추천시스템,2
16,4주,2
58,kafka,2
57,javaspring,2
252,초급,2
254,최단기,2
255,최적화,2
273,파이프라인,2
271,트래픽,2
244,주식,2
29,by,2
258,취업,2
32,class,2
82,signature,2
268,클래스,2
266,퀴즈,2
264,케이스,2
247,챌린지,2
21,adsp,2
9,300제+,2
233,자연어처리,2
5,1년,2
286,핵심,2
285,합격패스,2
237,정복,2
284,합격,2
280,하이브리드&멀티,1
289,회사,1
287,현실,1
200,실패,1
199,실제,1
269,탈출,1
197,실시간,1
270,통계,1
180,세상,1
189,시계열,1
183,수학적,1
184,순수익,1
274,패스트캠퍼스,1
185,스마트스토어,1
194,신약,1
193,식,1
186,스터디,1
192,시퀀스,1
283,한번,1
202,심화,1
277,프로덕트,1
187,스프레드시트,1
279,필기,1
281,하이패스,1
201,실험,1
232,자연어생성,1
265,퀀트(금융공학),1
225,이직,1
245,지식,1
243,주니어,1
223,의료,1
224,이미지,1
242,종합반,1
241,조md,1
240,정호욱,1
239,정찬명,1
203,알고리즘,1
238,정석,1
228,일,1
236,접근,1
230,자격,1
235,전처리,1
234,전략,1
175,서비스,1
246,직장인,1
249,처음,1
220,월급,1
219,운명,1
262,컴퓨터공학,1
261,컴퓨터,1
205,업무자동화,1
259,치트키,1
207,엔지니어,1
209,역기획,1
210,역량,1
211,연구원,1
212,온보딩,1
256,추천,1
253,초보,1
216,완전,1
250,첫걸음,1
217,완주,1
218,완주반,1
260,커리,1
0,),1
174,상위노출,1
40,estimation,1
42,export,1
43,fastapi,1
45,financial,1
46,flink,1
48,ft,1
49,ga,1
50,gan,1
51,global,1
52,gpt,1
53,head,1
54,human,1
59,kotlin,1
60,kotlinspring,1
61,kubernetes,1
62,level,1
63,master,1
64,md,1
65,meta,1
67,modeling,1
68,msa,1
69,nerf,1
72,opencv,1
73,paper,1
74,plus,1
75,pm,1
41,expert,1
39,essential,1
77,pricing,1
38,elasticsearch,1
2,10개,1
3,120일,1
4,13개,1
6,2024,1
7,20개,1
8,2기,1
10,30가지,1
11,30개,1
12,33개,1
13,3단계,1
15,47개,1
17,5개,1
18,7개,1
19,9개,1
20,[바이트디그리,1
22,ai,1
23,android,1
25,autonomous,1
27,awsgcpazure,1
28,bert,1
33,data,1
34,django,1
35,driven,1
36,dynamic,1
37,ecosystem,1
76,pose,1
80,recon,1
172,사업타당성,1
132,단,1
136,도메인,1
137,디자인,1
140,딥러닝·인공지능,1
141,마스터,1
142,마케터들,1
144,마크업,1
1,101개,1
147,맛집,1
150,모든,1
151,문경식,1
152,문과생,1
154,바,1
155,바이블,1
158,부동산,1
159,부트캠프,1
160,분산,1
162,분석가,1
163,비밀,1
164,비법,1
165,비전,1
166,비전공자,1
167,비즈니스,1
168,빅데이터,1
170,빅데이터처리,1
171,사례,1
133,대규모,1
130,능력,1
83,snowflake,1
128,논리적,1
84,socar,1
90,stack,1
92,ui,1
93,up,1
94,upskill,1
95,ux,1
96,vehicle,1
100,가장,1
101,간편결제,1
102,강화,1
105,검색엔진,1
108,견고한,1
109,경험,1
110,고속,1
112,구글,1
115,권,1
116,글로벌,1
117,금융인,1
119,기업,1
122,김상우,1
123,꿀팁,1
124,나,1
125,네이티브,1
126,노코드,1
127,노트,1
145,만,1
